sequenceID	lineage	clade
FV537222	-	-
FV537223	-	-
FV537224	-	-
FV537225	-	-
KJ831223	-	-
OK572999	-	-
OK573260	-	-
OK573263	-	-
OK573277	-	-
OM202904	-	-
OM202905	-	-
OM202906	-	-
OM202907	-	-
OM202909	-	-
OM202910	-	-
OM202911	-	-
OM202913	-	-
OM202915	-	-
OM202917	-	-
OM202919	-	-
OM202920	-	-
OM202923	-	-
OM202924	-	-
OM202929	-	-
OM202932	-	-
OM202933	-	-
OM202936	-	-
AF202541	1	A
AF206518	1	A
AF317203	1	A
AJ965626	1	A
AJ965628	1	A
AJ965629	1	A
AJ965630	1	A
AM404308	1	A
AY262283	1	A
AY268132	1	A
AY268133	1	A
AY277252	1	A
AY278441	1	A
AY278442	1	A
AY701412	1	A
AY701413	1	A
D00246	1	B
DQ080057	1	A
DQ080060	1	A
DQ080061	1	A
DQ080063	1	A
DQ080065	1	A
DQ080069	1	A
DQ080071	1	A
DQ080072	1	A
DQ118127	1	A
DQ176637	1	A
DQ374650	1	A
DQ374651	1	A
DQ374652	1	A
DQ374653	1	A
DQ377178	1	A
DQ377179	1	A
DQ377180	1	A
DQ411029	1	A
DQ411030	1	A
DQ411031	1	A
DQ411032	1	A
DQ411033	1	A
DQ411034	1	A
DQ411035	1	A
DQ431693	1	A
DQ431694	1	A
DQ431695	1	A
DQ431696	1	A
DQ431697	1	A
DQ431698	1	A
DQ431699	1	A
DQ431700	1	A
DQ431701	1	A
DQ431702	1	A
DQ431703	1	A
DQ431704	1	A
DQ431705	1	A
DQ431706	1	A
DQ431707	1	A
DQ431708	1	A
DQ431709	1	A
DQ431710	1	A
DQ431711	1	A
DQ431712	1	A
DQ786572	1	A
DQ786573	1	A
DQ983578	1	A
EU155484	1	A
FJ766331	1	A
FJ766332	1	A
GQ507468	1	A
GQ507469	1	A
GQ507470	1	A
GQ507471	1	A
GQ507472	1	A
GQ507473	1	A
GQ507474	1	A
GQ507475	1	A
GQ507476	1	A
GQ507477	1	A
GQ507478	1	A
GQ507479	1	A
GQ507480	1	A
GQ507481	1	A
GQ507482	1	A
GQ507483	1	A
GQ507484	1	A
GQ851603	1	B
GQ851606	1	A
GQ851607	1	A
GQ851608	1	A
GU827998	1	A
GU827999	1	A
GU828000	1	A
GU828001	1	A
GU828002	1	A
GU828003	1	A
GU828004	1	A
HG994351	1	A
HG994352	1	A
HG994353	1	A
HG994354	1	A
HH961658	1	A
HM152775	1	A
HM488115	1	A
HM488116	1	A
HM488117	1	A
HM488118	1	A
HM488119	1	A
HM488120	1	A
HM488121	1	A
HM488122	1	A
HM488123	1	A
HM488124	1	A
HM488125	1	A
HM488126	1	A
HM488127	1	A
HM488128	1	A
HM488129	1	A
HM488130	1	A
HM488131	1	A
HM488132	1	A
HM488133	1	A
HM488134	1	A
HM488135	1	A
HM488136	1	A
HM488137	1	A
HM488138	1	A
HM488139	1	A
HM488140	1	A
HM488141	1	A
HM488142	1	A
HM488143	1	A
HM488145	1	A
HM488146	1	A
HM488147	1	A
HM488148	1	A
HM488149	1	A
HM488150	1	A
HM488151	1	A
HM488152	1	A
HM488153	1	A
HM488154	1	A
HM488155	1	A
HM488156	1	A
HM488157	1	A
HM488158	1	A
HM488159	1	A
HM488160	1	A
HM488161	1	A
HM488162	1	A
HM488163	1	A
HM488164	1	A
HM488165	1	A
HM488166	1	A
HM488167	1	A
HM488168	1	A
HM488169	1	A
HM488170	1	A
HM488171	1	A
HM488172	1	A
HM488173	1	A
HM488174	1	A
HM488175	1	A
HM488177	1	A
HM488178	1	A
HM488179	1	A
HM488180	1	A
HM488181	1	A
HM488182	1	A
HM488183	1	A
HM488184	1	A
HM488185	1	A
HM488186	1	A
HM488187	1	A
HM488188	1	A
HM488189	1	A
HM488190	1	A
HM488191	1	A
HM488192	1	A
HM488193	1	A
HM488194	1	A
HM488195	1	A
HM488196	1	A
HM488197	1	A
HM488198	1	A
HM488199	1	A
HM488200	1	A
HM488201	1	A
HM488202	1	A
HM488203	1	A
HM488204	1	A
HM488205	1	A
HM488206	1	A
HM488207	1	A
HM488208	1	A
HM488209	1	A
HM488210	1	A
HM488211	1	A
HM488212	1	A
HM488213	1	A
HM488214	1	A
HM488215	1	A
HM488216	1	A
HM488217	1	A
HM488218	1	A
HM488219	1	A
HM488220	1	A
HM488221	1	A
HM488222	1	A
HM488223	1	A
HM488224	1	A
HM488225	1	A
HM488226	1	A
HM488227	1	A
HM488228	1	A
HM488229	1	A
HM488230	1	A
HM488231	1	A
HM488232	1	A
HM488233	1	A
HM488234	1	A
HM488235	1	A
HM488236	1	A
HM488237	1	A
HM488238	1	A
HM488239	1	A
HM488240	1	A
HM488241	1	A
HM488242	1	A
HM488243	1	A
HM488244	1	A
HM488245	1	A
HM488246	1	A
HM488247	1	A
HM488248	1	A
HM488249	1	A
HM488250	1	A
HM488251	1	A
HM488252	1	A
HM488253	1	A
HM488254	1	A
HM538578	1	A
HM538579	1	A
HM538580	1	A
HM538581	1	A
HM538582	1	A
HM538583	1	A
HM538584	1	A
HM641225	1	A
HM641226	1	A
HM641227	1	A
HM641228	1	A
HM641229	1	A
HM641230	1	A
HM756648	1	A
HM756649	1	A
HM756650	1	A
HM756651	1	A
HM756652	1	A
HM756653	1	A
HM756654	1	A
HM756655	1	A
HM756656	1	A
HM756658	1	A
HM756659	1	A
HM756660	1	A
HM756661	1	A
HM756662	1	A
HM756663	1	A
HM756664	1	A
HM756665	1	A
HM756666	1	A
HM756667	1	A
HM756668	1	A
HM756669	1	A
HM756670	1	A
HM756671	1	A
HM756672	1	A
HM756673	1	A
HM756674	1	A
HM756675	1	A
HM756676	1	A
HM756677	1	A
HM756678	1	A
HQ671668	1	A
HQ671669	1	A
HQ671670	1	A
HQ671671	1	A
HQ671672	1	A
HQ671673	1	A
HQ671674	1	A
HQ671675	1	A
HQ671676	1	A
HQ671677	1	A
HQ671678	1	A
HQ671679	1	A
HQ671680	1	A
HQ671681	1	A
HQ671682	1	A
HQ671683	1	A
HQ671684	1	A
HQ671685	1	A
HQ671686	1	A
HQ671687	1	A
HQ671688	1	A
HQ671689	1	A
HQ671690	1	A
HQ671691	1	A
HQ671692	1	A
HQ671693	1	A
HQ671694	1	A
HQ671695	1	A
HQ671696	1	A
HQ671697	1	A
HQ671698	1	A
HQ671699	1	A
HQ671700	1	A
HQ671701	1	A
HQ671702	1	A
HQ671703	1	A
HQ671704	1	A
HQ671705	1	A
HQ671706	1	A
HQ671707	1	A
HQ671708	1	A
HQ671709	1	A
HQ671710	1	A
HQ671711	1	A
HQ671712	1	A
HQ671713	1	A
HQ671714	1	A
HQ671715	1	A
HQ671716	1	A
HQ671717	1	A
HQ671718	1	A
HQ671719	1	A
HQ671720	1	A
HQ671721	1	A
HQ671722	1	A
HQ671723	1	A
HQ671724	1	A
HQ671725	1	A
HQ671726	1	A
HQ671727	1	A
HQ671728	1	A
HQ671729	1	A
HQ671730	1	A
HQ671731	1	A
HQ671732	1	A
HQ671733	1	A
HQ671734	1	A
HQ671735	1	A
HQ671736	1	A
HQ671737	1	A
HQ671738	1	A
HQ671739	1	A
HQ671740	1	A
HQ671741	1	A
HQ671742	1	A
HQ671743	1	A
HQ671744	1	A
HQ671745	1	A
HQ705659	1	A
HQ705660	1	A
HQ705663	1	A
HQ705669	1	A
HQ705670	1	A
HQ705671	1	A
HQ705672	1	A
HQ705673	1	A
HQ705674	1	A
HQ705675	1	A
HQ705676	1	A
HQ705677	1	A
HQ705678	1	A
HQ891009	1	A
HQ891010	1	A
HQ891011	1	A
HQ891012	1	A
HQ891013	1	A
JF357958	1	A
JF357959	1	A
JF357960	1	A
JF488086	1	A
JF488087	1	A
JF488089	1	A
JF488090	1	A
JF488091	1	A
JF488092	1	A
JF488093	1	A
JF488094	1	A
JF488095	1	A
JF488096	1	A
JF488097	1	A
JF707789	1	A
JF719065	1	A
JF719066	1	A
JF719067	1	A
JF719068	1	A
JF730040	1	A
JF730041	1	A
JF730042	1	A
JF730043	1	A
JF784158	1	A
JF899528	1	A
JF899529	1	A
JF899530	1	A
JF899531	1	A
JF899532	1	A
JF899533	1	A
JF899534	1	A
JF899535	1	A
JF899536	1	A
JF899537	1	A
JF920306	1	A
JF920307	1	A
JF920728	1	A
JF920729	1	A
JF920730	1	A
JF920731	1	A
JF920732	1	A
JF920733	1	A
JF920734	1	A
JF920735	1	A
JF920736	1	A
JF920737	1	A
JF920738	1	A
JF920739	1	A
JF920740	1	A
JF920741	1	A
JF920742	1	A
JF920743	1	A
JF920744	1	A
JF920745	1	A
JF920746	1	A
JF920747	1	A
JF920748	1	A
JF920749	1	A
JF920750	1	A
JF920751	1	A
JF920752	1	A
JF920753	1	A
JF920754	1	A
JF920755	1	A
JF920756	1	A
JF920757	1	A
JF920758	1	A
JF920759	1	A
JF920760	1	A
JF972636	1	A
JN051152	1	A
JN051153	1	A
JN183885	1	A
JN183886	1	A
JN183887	1	A
JN183888	1	A
JN183889	1	A
JN183890	1	A
JN183891	1	A
JN183892	1	A
JN183893	1	A
JN183894	1	A
JN183895	1	A
JN183896	1	A
JN183897	1	A
JN367277	1	A
JN716371	1	A
JN716372	1	A
JN817352	1	A
JN819305	1	A
JN819306	1	A
JN819307	1	A
JN819308	1	A
JN819309	1	A
JN819310	1	A
JN819311	1	A
JN819312	1	A
JN819313	1	A
JN819314	1	A
JN819315	1	A
JN819316	1	A
JN819317	1	A
JN819318	1	A
JN819319	1	A
JN819320	1	A
JN819321	1	A
JN819322	1	A
JN819323	1	A
JN819324	1	A
JN819325	1	A
JN858069	1	A
JQ303102	1	A
JQ928174	1	A
JQ928175	1	A
JX015515	1	A
JX015517	1	A
JX015520	1	A
JX015521	1	A
JX015522	1	A
JX015523	1	A
JX041628	1	A
JX041633	1	A
JX041634	1	A
JX070655	1	A
JX123031	1	B
JX276662	1	B
JX503096	1	A
JX556213	1	A
KC243146	1	A
KC333375	1	A
KC333377	1	A
KC333378	1	A
KC333379	1	A
KC333380	1	A
KC333381	1	A
KC333382	1	A
KC333384	1	A
KC333385	1	A
KC333386	1	A
KC601756	1	A
KC954092	1	A
KF367469	1	A
KF647253	1	A
KF823807	1	A
KJ145799	1	A
KJ145800	1	A
KJ145801	1	A
KJ145802	1	A
KJ145803	1	A
KJ145804	1	A
KJ145805	1	A
KJ145806	1	A
KJ145807	1	A
KJ145808	1	A
KJ145809	1	A
KJ145810	1	A
KJ145811	1	A
KJ145812	1	A
KJ145813	1	A
KJ145814	1	A
KJ145815	1	A
KJ145816	1	A
KJ145817	1	A
KJ145818	1	A
KJ145819	1	A
KJ145820	1	A
KJ145821	1	A
KJ145822	1	A
KJ145823	1	A
KJ145824	1	A
KJ145825	1	A
KJ145826	1	A
KJ145827	1	A
KJ145828	1	A
KJ145829	1	A
KJ145830	1	A
KJ145831	1	A
KJ145832	1	A
KJ145833	1	A
KJ501097	1	A
KJ501102	1	A
KJ501104	1	A
KJ501105	1	A
KJ501106	1	A
KJ501108	1	A
KJ501111	1	A
KJ501112	1	A
KJ501113	1	A
KJ501115	1	A
KJ501117	1	A
KJ501120	1	A
KJ501126	1	A
KJ501128	1	A
KJ501129	1	A
KJ501132	1	A
KJ501136	1	A
KJ501137	1	A
KJ501139	1	A
KJ501141	1	A
KJ501144	1	A
KJ501145	1	A
KJ501146	1	A
KJ501147	1	A
KJ501151	1	A
KJ501152	1	A
KJ501153	1	A
KJ501154	1	A
KJ501155	1	A
KJ501156	1	A
KJ501157	1	A
KJ501158	1	A
KJ501159	1	A
KJ501160	1	A
KJ501161	1	A
KJ501162	1	A
KJ501163	1	A
KJ501164	1	A
KJ501165	1	A
KJ501166	1	A
KJ501167	1	A
KJ501169	1	A
KJ501170	1	A
KJ501171	1	A
KJ501172	1	A
KJ501173	1	A
KJ501174	1	A
KJ501175	1	A
KJ501176	1	A
KJ501177	1	A
KJ501178	1	A
KJ501179	1	A
KJ501180	1	A
KJ501181	1	A
KJ501182	1	A
KJ501183	1	A
KJ501184	1	A
KJ501185	1	A
KJ501187	1	A
KJ501188	1	A
KJ501189	1	A
KJ501190	1	A
KJ501191	1	A
KJ501192	1	A
KJ501193	1	A
KJ501194	1	A
KJ501195	1	A
KJ501196	1	A
KJ501197	1	A
KJ501198	1	A
KJ501199	1	A
KJ501200	1	A
KJ501201	1	A
KJ501202	1	A
KJ501203	1	A
KJ501204	1	A
KJ501205	1	A
KJ501207	1	A
KJ501208	1	A
KJ501209	1	A
KJ501210	1	A
KJ501211	1	A
KJ501212	1	A
KJ501213	1	A
KJ501214	1	A
KJ501215	1	A
KJ501216	1	A
KJ501217	1	A
KJ501218	1	A
KJ501219	1	A
KJ501221	1	A
KJ501223	1	A
KJ501227	1	A
KJ501231	1	A
KJ501232	1	A
KJ501233	1	A
KJ501235	1	A
KJ501236	1	A
KJ501239	1	A
KJ501240	1	A
KJ501241	1	A
KJ501242	1	A
KJ501243	1	A
KJ501245	1	A
KJ501246	1	A
KJ501247	1	A
KJ501248	1	A
KJ501249	1	A
KJ501250	1	A
KJ501252	1	A
KJ501253	1	A
KJ501254	1	A
KJ501255	1	A
KJ501256	1	A
KJ501258	1	A
KJ501259	1	A
KJ501260	1	A
KJ501261	1	A
KJ501262	1	A
KJ501264	1	A
KJ501266	1	A
KJ501267	1	A
KJ501268	1	A
KJ501269	1	A
KJ501270	1	A
KJ501271	1	A
KJ501272	1	A
KJ501273	1	A
KJ501274	1	A
KJ501275	1	A
KJ501276	1	A
KJ501277	1	A
KJ501278	1	A
KJ501280	1	A
KJ501281	1	A
KJ501282	1	A
KJ501283	1	A
KJ501284	1	A
KJ501286	1	A
KJ501287	1	A
KJ501288	1	A
KJ501289	1	A
KJ501292	1	A
KJ501293	1	A
KJ501294	1	A
KJ501295	1	A
KJ501297	1	A
KJ501299	1	A
KJ501301	1	A
KJ501304	1	A
KJ501306	1	A
KJ501307	1	A
KJ501311	1	A
KJ501312	1	A
KJ501316	1	A
KJ501317	1	A
KJ501319	1	A
KJ501321	1	A
KJ501323	1	A
KJ501325	1	A
KJ501326	1	A
KJ501328	1	A
KJ501330	1	A
KJ501331	1	A
KJ501332	1	A
KJ501333	1	A
KJ501334	1	A
KJ501335	1	A
KJ501336	1	A
KJ501337	1	A
KJ501338	1	A
KJ501339	1	A
KJ501340	1	A
KJ501341	1	A
KJ501342	1	A
KJ501345	1	A
KJ501346	1	A
KJ501347	1	A
KJ501348	1	A
KJ501349	1	A
KJ501350	1	A
KJ501351	1	A
KJ501352	1	A
KJ501353	1	A
KJ501354	1	A
KJ501355	1	A
KJ501356	1	A
KJ501357	1	A
KJ501358	1	A
KJ501359	1	A
KJ501360	1	A
KJ501361	1	A
KJ501364	1	A
KJ501365	1	A
KJ501366	1	A
KJ501367	1	A
KJ501368	1	A
KJ501369	1	A
KJ501374	1	A
KJ501375	1	A
KJ501376	1	A
KJ501377	1	A
KJ501378	1	A
KJ501379	1	A
KJ501381	1	A
KJ501382	1	A
KJ501383	1	A
KJ501386	1	A
KJ501387	1	A
KJ501389	1	A
KJ501390	1	A
KJ501391	1	A
KJ501392	1	A
KJ501393	1	A
KJ501394	1	A
KJ501396	1	A
KJ501397	1	A
KJ501398	1	A
KJ501400	1	A
KJ501401	1	A
KJ501402	1	A
KJ501403	1	A
KJ501405	1	A
KJ501407	1	A
KJ501408	1	A
KJ501410	1	A
KJ501411	1	A
KJ501412	1	A
KJ501413	1	A
KJ501414	1	A
KJ501415	1	A
KJ501416	1	A
KJ501417	1	A
KJ501418	1	A
KJ501420	1	A
KJ501421	1	A
KJ501422	1	A
KJ501423	1	A
KJ501424	1	A
KJ501425	1	A
KJ501426	1	A
KJ501427	1	A
KJ501428	1	A
KJ501431	1	A
KJ501432	1	A
KJ501433	1	A
KJ501434	1	A
KJ501435	1	A
KJ501436	1	A
KJ501437	1	A
KJ501441	1	A
KJ501444	1	A
KJ501445	1	A
KJ501446	1	A
KJ501447	1	A
KJ501449	1	A
KJ501450	1	A
KJ501451	1	A
KJ501452	1	A
KJ501453	1	A
KJ501454	1	A
KJ501455	1	A
KJ501457	1	A
KJ501458	1	A
KJ501459	1	A
KJ501461	1	A
KJ501462	1	A
KJ501463	1	A
KJ501464	1	A
KJ501465	1	A
KJ501467	1	A
KJ501469	1	A
KJ501471	1	A
KJ501473	1	A
KJ501476	1	A
KJ501478	1	A
KJ501479	1	A
KJ501482	1	A
KJ501484	1	A
KJ501485	1	A
KJ501487	1	A
KJ501490	1	A
KJ501492	1	A
KJ501493	1	A
KJ501494	1	A
KJ501495	1	A
KJ501497	1	A
KJ501498	1	A
KJ501499	1	A
KJ501500	1	A
KJ501501	1	A
KJ501503	1	A
KJ501504	1	A
KJ501505	1	A
KJ501506	1	A
KJ501507	1	A
KJ501508	1	A
KJ501509	1	A
KJ501512	1	A
KJ501513	1	A
KJ501514	1	A
KJ501515	1	A
KJ501517	1	A
KJ501518	1	A
KJ501519	1	A
KJ501520	1	A
KJ501521	1	A
KJ501522	1	A
KJ501523	1	A
KJ501524	1	A
KJ501526	1	A
KJ501527	1	A
KJ501528	1	A
KJ501530	1	A
KJ501531	1	A
KJ501532	1	A
KJ501533	1	A
KJ501534	1	A
KJ501535	1	A
KJ501536	1	A
KJ501537	1	A
KJ501538	1	A
KJ501539	1	A
KJ599823	1	A
KJ786936	1	A
KR107956	1	A
KR348915	1	A
KR348916	1	A
KR348917	1	A
KR348918	1	A
KR348919	1	A
KR348920	1	A
KR348921	1	A
KR348922	1	A
KR348923	1	A
KR348924	1	A
KR348925	1	A
KR348926	1	A
KR348927	1	A
KR348928	1	A
KR348929	1	A
KR348930	1	A
KR348931	1	A
KR348932	1	A
KR348933	1	A
KR348934	1	A
KR348935	1	A
KR348936	1	A
KR348937	1	A
KR348938	1	A
KR348939	1	A
KR348940	1	A
KR348941	1	A
KR348942	1	A
KR348943	1	A
KR348944	1	A
KR348945	1	A
KR348946	1	A
KR348947	1	A
KR348948	1	A
KR348949	1	A
KR348950	1	A
KR348951	1	A
KR348952	1	A
KR348953	1	A
KR348954	1	A
KR348955	1	A
KR348956	1	A
KR348957	1	A
KR348958	1	A
KR348959	1	A
KR348960	1	A
KR348961	1	A
KR348962	1	A
KR348963	1	A
KR348964	1	A
KR348965	1	A
KR348966	1	A
KR348967	1	A
KR348968	1	A
KR348969	1	A
KR348970	1	A
KR348971	1	A
KR348972	1	A
KR348973	1	A
KR348974	1	A
KR348975	1	A
KR348976	1	A
KR348977	1	A
KR348978	1	A
KR348979	1	A
KR348980	1	A
KR348981	1	A
KR348982	1	A
KR348983	1	A
KR348984	1	A
KR348985	1	A
KR348986	1	A
KR348987	1	A
KR348988	1	A
KR348989	1	A
KR348990	1	A
KR348991	1	A
KR348992	1	A
KR348993	1	A
KR348994	1	A
KR348995	1	A
KR348996	1	A
KR348997	1	A
KR348998	1	A
KR348999	1	A
KR349000	1	A
KR349001	1	A
KR349002	1	A
KR349003	1	A
KR349004	1	A
KR349005	1	A
KR349006	1	A
KR349007	1	A
KR349008	1	A
KR349009	1	A
KR349010	1	A
KR349011	1	A
KR349012	1	A
KR349013	1	A
KR349014	1	A
KR349015	1	A
KR349016	1	A
KR349017	1	A
KR349018	1	A
KR349019	1	A
KR349020	1	A
KR349021	1	A
KR349022	1	A
KR349023	1	A
KR349024	1	A
KR349025	1	A
KR349026	1	A
KT020853	1	A
KT934796	1	B
KT934797	1	B
KT934798	1	B
KT934799	1	B
KT934800	1	B
KT934801	1	B
KT934802	1	B
KT934803	1	B
KT934804	1	B
KU573077	1	A
KU573078	1	A
KU573079	1	A
KU588135	1	A
KU978768	1	A
KX394381	1	B
KX394382	1	B
KX394383	1	B
KX394384	1	B
KX394385	1	B
KX394386	1	B
KX394387	1	B
KX394388	1	B
KX394389	1	B
KX394390	1	B
KX394391	1	B
KX394392	1	B
KX394393	1	B
KX394394	1	B
KX394395	1	B
KX394396	1	B
KX394397	1	B
KX394398	1	B
KX394399	1	B
KX394400	1	B
KX394401	1	B
KX394402	1	B
KX394403	1	B
KX394404	1	B
KX394405	1	B
KX394406	1	B
KX394407	1	B
KX394408	1	B
KX394409	1	B
KX394410	1	B
KX394411	1	B
KX547164	1	A
KX547165	1	A
KX547166	1	A
KX547167	1	A
KX547168	1	A
KX547169	1	A
KX547170	1	A
KX547171	1	A
KX547172	1	A
KX547173	1	A
KX547174	1	A
KX547175	1	A
KX547176	1	A
KX547177	1	A
KX547178	1	A
KX547179	1	A
KX547180	1	A
KX547181	1	A
KX547182	1	A
KX547183	1	A
KX547184	1	A
KX547185	1	A
KX547186	1	A
KX547187	1	A
KX547188	1	A
KX547189	1	A
KX547190	1	A
KX547191	1	A
KX547192	1	A
KX547193	1	A
KX547194	1	A
KX547195	1	A
KX547196	1	A
KX547197	1	A
KX547198	1	A
KX547199	1	A
KX547200	1	A
KX547201	1	A
KX547202	1	A
KX547203	1	A
KX547204	1	A
KX547205	1	A
KX547206	1	A
KX547207	1	A
KX547208	1	A
KX547209	1	A
KX547210	1	A
KX547211	1	A
KX547212	1	A
KX547213	1	A
KX547214	1	A
KX547215	1	A
KX547216	1	A
KX547217	1	A
KX547218	1	A
KX547219	1	A
KX547220	1	A
KX547221	1	A
KX547222	1	A
KX547223	1	A
KX547224	1	A
KX547225	1	A
KX547226	1	A
KX547227	1	A
KX547228	1	A
KX547229	1	A
KX547230	1	A
KX547231	1	A
KX547232	1	A
KX547233	1	A
KX547234	1	A
KX547235	1	A
KX547236	1	A
KX547237	1	A
KX547238	1	A
KX547239	1	A
KX547240	1	A
KX547241	1	A
KX547242	1	A
KX547243	1	A
KX547244	1	A
KX547245	1	A
KX547246	1	A
KX547247	1	A
KX547248	1	A
KX547249	1	A
KX547250	1	A
KX547251	1	A
KX547252	1	A
KX547253	1	A
KX547254	1	A
KX547255	1	A
KX547256	1	A
KX547257	1	A
KX547258	1	A
KX547259	1	A
KX547260	1	A
KX547261	1	A
KX547262	1	A
KX547263	1	A
KX547264	1	A
KX547265	1	A
KX547266	1	A
KX547267	1	A
KX547268	1	A
KX547269	1	A
KX547270	1	A
KX547271	1	A
KX547272	1	A
KX547273	1	A
KX547274	1	A
KX547275	1	A
KX547276	1	A
KX547277	1	A
KX547278	1	A
KX547279	1	A
KX547280	1	A
KX547281	1	A
KX547282	1	A
KX547283	1	A
KX547284	1	A
KX547285	1	A
KX547286	1	A
KX547287	1	A
KX547288	1	A
KX547289	1	A
KX547290	1	A
KX547291	1	A
KX547292	1	A
KX547293	1	A
KX547294	1	A
KX547295	1	A
KX547296	1	A
KX547297	1	A
KX547298	1	A
KX547299	1	A
KX547300	1	A
KX547301	1	A
KX547302	1	A
KX547303	1	A
KX547304	1	A
KX547305	1	A
KX547306	1	A
KX547307	1	A
KX547308	1	A
KX547309	1	A
KX547310	1	A
KX547311	1	A
KX547312	1	A
KX547313	1	A
KX547314	1	A
KX547315	1	A
KX547316	1	A
KX547317	1	A
KX547318	1	A
KX547319	1	A
KX547320	1	A
KX547321	1	A
KX547322	1	A
KX547323	1	A
KX547324	1	A
KX547325	1	A
KX547326	1	A
KX547327	1	A
KX547328	1	A
KX547329	1	A
KX547330	1	A
KX547331	1	A
KX547332	1	A
KX547333	1	A
KX547334	1	A
KX547335	1	A
KX547336	1	A
KX547337	1	A
KX547338	1	A
KX547339	1	A
KX547340	1	A
KX547341	1	A
KX547342	1	A
KX547343	1	A
KX547344	1	A
KX547345	1	A
KX547346	1	A
KX547347	1	A
KX547348	1	A
KX547349	1	A
KX547350	1	A
KX547351	1	A
KX547352	1	A
KX547353	1	A
KX547354	1	A
KX547355	1	A
KX547356	1	A
KX547357	1	A
KX547358	1	A
KX547359	1	A
KX547360	1	A
KX547361	1	A
KX547362	1	A
KX547363	1	A
KX547364	1	A
KX547365	1	A
KX547366	1	A
KX547367	1	A
KX547368	1	A
KX547369	1	A
KX547370	1	A
KX547371	1	A
KX547372	1	A
KX547373	1	A
KX547374	1	A
KX547375	1	A
KX547376	1	A
KX547377	1	A
KX547378	1	A
KX547379	1	A
KX547380	1	A
KX547381	1	A
KX547382	1	A
KX547383	1	A
KX547384	1	A
KX547385	1	A
KX547386	1	A
KX547387	1	A
KX547388	1	A
KX547389	1	A
KX547390	1	A
KX547391	1	A
KX547392	1	A
KX547393	1	A
KX547394	1	A
KX547395	1	A
KX547396	1	A
KX547397	1	A
KX547398	1	A
KX547399	1	A
KX547400	1	A
KX547401	1	A
KX547402	1	A
KX547403	1	A
KX547404	1	A
KX547405	1	A
KX547406	1	A
KX547407	1	A
KX547408	1	A
KX547409	1	A
KX547410	1	A
KX547411	1	A
KX547412	1	A
KX547413	1	A
KX547414	1	A
KX547415	1	A
KX547416	1	A
KX547417	1	A
KX547418	1	A
KX547419	1	A
KX547420	1	A
KX547421	1	A
KX547422	1	A
KX547423	1	A
KX547424	1	A
KX547425	1	A
KX547426	1	A
KX547427	1	A
KX547429	1	A
KX547430	1	A
KX547431	1	A
KX547432	1	A
KX547433	1	A
KX547434	1	A
KX547435	1	A
KX547436	1	A
KX547437	1	A
KX547438	1	A
KX547439	1	A
KX547440	1	A
KX547441	1	A
KX547442	1	A
KX547443	1	A
KX547444	1	A
KX547445	1	A
KX547446	1	A
KX547447	1	A
KX547448	1	A
KX547449	1	A
KX547450	1	A
KX547451	1	A
KX547452	1	A
KX547453	1	A
KX547454	1	A
KX547455	1	A
KX547456	1	A
KX547457	1	A
KX547458	1	A
KX547459	1	A
KX547460	1	A
KX547461	1	A
KX547462	1	A
KX547463	1	A
KX547464	1	A
KX547465	1	A
KX547466	1	A
KX547467	1	A
KX547468	1	A
KX547469	1	A
KX547470	1	A
KX547471	1	A
KX547472	1	A
KX547473	1	A
KX547474	1	A
KX547475	1	A
KX547476	1	A
KX547477	1	A
KX547478	1	A
KX547479	1	A
KX547480	1	A
KX547481	1	A
KX547482	1	A
KX547483	1	A
KX547484	1	A
KX547485	1	A
KX547486	1	A
KX547487	1	A
KX547488	1	A
KX547489	1	A
KX547490	1	A
KX547491	1	A
KX547492	1	A
KX547493	1	A
KX547494	1	A
KX547495	1	A
KX547496	1	A
KX547497	1	A
KX547498	1	A
KX547499	1	A
KX547500	1	A
KX547501	1	A
KX547502	1	A
KX547503	1	A
KX547504	1	A
KX547505	1	A
KX547506	1	A
KX547507	1	A
KX547508	1	A
KX547509	1	A
KX547510	1	A
KX547511	1	A
KX547512	1	A
KX547513	1	A
KX547514	1	A
KX547515	1	A
KX547516	1	A
KX547517	1	A
KX547518	1	A
KX547519	1	A
KX547520	1	A
KX547521	1	A
KX547522	1	A
KX547523	1	A
KX547524	1	A
KX547525	1	A
KX547526	1	A
KX547527	1	A
KX547528	1	A
KX547529	1	A
KX547530	1	A
KX547531	1	A
KX547532	1	A
KX547533	1	A
KX547534	1	A
KX547535	1	A
KX547536	1	A
KX547537	1	A
KX547538	1	A
KX547539	1	A
KX547540	1	A
KX547541	1	A
KX547542	1	A
KX547543	1	A
KX547544	1	A
KX547545	1	A
KX547546	1	A
KX547547	1	A
KX547548	1	A
KX547549	1	A
KX547550	1	A
KX547551	1	A
KX547552	1	A
KX547553	1	A
KX547554	1	A
KX547555	1	A
KX547556	1	A
KX547557	1	A
KX547558	1	A
KX547559	1	A
KX547560	1	A
KX547561	1	A
KX547562	1	A
KX547563	1	A
KX547564	1	A
KX547565	1	A
KX547566	1	A
KX547567	1	A
KX547568	1	A
KX547569	1	A
KX547570	1	A
KX547571	1	A
KX547572	1	A
KX547573	1	A
KX547574	1	A
KX547575	1	A
KX547576	1	A
KX547577	1	A
KX547578	1	A
KX547579	1	A
KX547580	1	A
KX547581	1	A
KX547582	1	A
KX547583	1	A
KX547584	1	A
KX547585	1	A
KX547586	1	A
KX547587	1	A
KX547588	1	A
KX547589	1	A
KX547590	1	A
KX547591	1	A
KX547592	1	A
KX547593	1	A
KX547594	1	A
KX547595	1	A
KX547596	1	A
KX547597	1	A
KX547598	1	A
KX547599	1	A
KX547600	1	A
KX547601	1	A
KX547602	1	A
KX547603	1	A
KX547604	1	A
KX547605	1	A
KX547606	1	A
KX547607	1	A
KX547608	1	A
KX547609	1	A
KX547610	1	A
KX547611	1	A
KX547612	1	A
KX547613	1	A
KX547614	1	A
KX547615	1	A
KX547616	1	A
KX547617	1	A
KX547618	1	A
KX547619	1	A
KX547620	1	A
KX547621	1	A
KY216154	1	A
KY229067	1	A
KY782105	1	A
KY782106	1	A
KY782107	1	A
KY782108	1	A
KY782109	1	A
KY782110	1	A
KY782111	1	A
KY782112	1	A
KY782113	1	A
KY782114	1	A
KY782115	1	A
KY782116	1	A
KY782117	1	A
KY782118	1	A
KY782119	1	A
KY782120	1	A
KY782121	1	A
KY782122	1	A
KY782123	1	A
KY782124	1	A
LC489409	1	A
LC802098	1	B
LC802099	1	B
LQ460608	1	A
LQ564350	1	A
MA388207	1	A
MF004388	1	A
MF175806	1	A
MF175807	1	A
MF175808	1	A
MF175809	1	A
MF175810	1	A
MF175811	1	A
MF175812	1	A
MF175813	1	A
MF175814	1	A
MF175815	1	A
MF175816	1	A
MF175817	1	A
MF175818	1	A
MF175819	1	A
MF175820	1	A
MF175821	1	A
MF175822	1	A
MF175823	1	A
MF175824	1	A
MF175825	1	A
MF175826	1	A
MF175827	1	A
MF175828	1	A
MF175829	1	A
MF797870	1	A
MG004528	1	A
MG004529	1	A
MG004530	1	A
MG004531	1	A
MG004532	1	A
MG004533	1	A
MG004534	1	A
MG004535	1	A
MG004536	1	A
MG004537	1	A
MG004538	1	A
MG004539	1	A
MG004540	1	A
MG004541	1	A
MH507608	1	A
MH507609	1	A
MH507610	1	A
MH507611	1	A
MH507612	1	A
MH507613	1	A
MH507614	1	A
MH507615	1	A
MH507616	1	A
MH507617	1	A
MH507618	1	A
MH507619	1	A
MH507620	1	A
MH507621	1	A
MH507622	1	A
MH507623	1	A
MH507624	1	A
MH507625	1	A
MH507626	1	A
MH507627	1	A
MH507628	1	A
MH507629	1	A
MH507630	1	A
MH507631	1	A
MH507632	1	A
MH507633	1	A
MH507634	1	A
MH507635	1	A
MH507636	1	A
MH507637	1	A
MH507638	1	A
MH507639	1	A
MH507640	1	A
MH507641	1	A
MH507642	1	A
MH507643	1	A
MH507644	1	A
MH507645	1	A
MH507646	1	A
MH507647	1	A
MH507648	1	A
MH507649	1	A
MH507650	1	A
MH507651	1	A
MH507652	1	A
MH507653	1	A
MH507654	1	A
MH507655	1	A
MH507656	1	A
MH507657	1	A
MH507658	1	A
MH507659	1	A
MH507660	1	A
MH507661	1	A
MH507662	1	A
MH507663	1	A
MH507664	1	A
MH507665	1	A
MH507666	1	A
MH507667	1	A
MH507668	1	A
MH507669	1	A
MH507670	1	A
MH507671	1	A
MH507672	1	A
MH507673	1	A
MH507674	1	A
MH507675	1	A
MH507676	1	A
MH507677	1	A
MH507678	1	A
MH507679	1	A
MH507680	1	A
MH507681	1	A
MH507682	1	A
MH507683	1	A
MH507684	1	A
MH507685	1	A
MH507686	1	A
MH507687	1	A
MH507688	1	A
MH507689	1	A
MH507690	1	A
MH507691	1	A
MH507692	1	A
MH507693	1	A
MH507694	1	A
MH507695	1	A
MH507696	1	A
MH507697	1	A
MH507698	1	A
MH507699	1	A
MH507700	1	A
MH507701	1	A
MH507702	1	A
MH507703	1	A
MH507704	1	A
MH507705	1	A
MH507706	1	A
MH507707	1	A
MH507708	1	A
MH507709	1	A
MH507710	1	A
MH507711	1	A
MH507712	1	A
MH507713	1	A
MH507714	1	A
MH507715	1	A
MH507716	1	A
MH507717	1	A
MH507718	1	A
MH507719	1	A
MH507720	1	A
MH507721	1	A
MH507722	1	A
MH507723	1	A
MH507724	1	A
MH507725	1	A
MH507726	1	A
MH507727	1	A
MH507728	1	A
MH507729	1	A
MH507730	1	A
MH507731	1	A
MH507732	1	A
MH507733	1	A
MH507734	1	A
MH507735	1	A
MH507736	1	A
MH507737	1	A
MH507738	1	A
MH507739	1	A
MH507740	1	A
MH507741	1	A
MH507742	1	A
MH507743	1	A
MH507744	1	A
MH507745	1	A
MH507746	1	A
MH507747	1	A
MH507748	1	A
MH507749	1	A
MH507750	1	A
MH507751	1	A
MH507752	1	A
MH507753	1	A
MH507754	1	A
MH507755	1	A
MH507756	1	A
MH507757	1	A
MH507758	1	A
MH507759	1	A
MH507760	1	A
MH507761	1	A
MH507762	1	A
MH507763	1	A
MH507764	1	A
MH507765	1	A
MH507766	1	A
MH507767	1	A
MH507768	1	A
MH507769	1	A
MH507770	1	A
MH507771	1	A
MH507772	1	A
MH507773	1	A
MH507774	1	A
MH507775	1	A
MH507776	1	A
MH507777	1	A
MH507778	1	A
MH507779	1	A
MH507780	1	A
MH507781	1	A
MH507782	1	A
MH507783	1	A
MH507784	1	A
MH507785	1	A
MH507786	1	A
MH507787	1	A
MH507788	1	A
MH507789	1	A
MH507790	1	A
MH507791	1	A
MH507792	1	A
MH507793	1	A
MH507794	1	A
MH507795	1	A
MH507796	1	A
MH507797	1	A
MH507798	1	A
MH507799	1	A
MH507800	1	A
MH507801	1	A
MH507802	1	A
MH507803	1	A
MH507804	1	A
MH507805	1	A
MH507806	1	A
MH507807	1	A
MH507808	1	A
MH507809	1	A
MH507810	1	A
MH507811	1	A
MH507812	1	A
MH507813	1	A
MH507814	1	A
MH507815	1	A
MH507816	1	A
MH507817	1	A
MH507818	1	A
MH507819	1	A
MH507820	1	A
MH507821	1	A
MH507822	1	A
MH507823	1	A
MH507824	1	A
MH507825	1	A
MH507826	1	A
MH507827	1	A
MH507828	1	A
MH507829	1	A
MH507830	1	A
MH507831	1	A
MH507832	1	A
MH507833	1	A
MH507834	1	A
MH507835	1	A
MH507836	1	A
MH507837	1	A
MH507838	1	A
MH507839	1	A
MH507840	1	A
MH507841	1	A
MH507842	1	A
MH507843	1	A
MH507844	1	A
MH507845	1	A
MH507846	1	A
MH507847	1	A
MH507848	1	A
MH507849	1	A
MH507850	1	A
MH507851	1	A
MH507852	1	A
MH507853	1	A
MH507854	1	A
MH507855	1	A
MH507856	1	A
MH507857	1	A
MH507858	1	A
MH507859	1	A
MH507860	1	A
MH507861	1	A
MH507862	1	A
MH507863	1	A
MH507864	1	A
MH507865	1	A
MH507866	1	A
MH507867	1	A
MH507868	1	A
MH507869	1	A
MH507870	1	A
MH507871	1	A
MH507872	1	A
MH507873	1	A
MH507874	1	A
MH507875	1	A
MH507876	1	A
MH507877	1	A
MH507878	1	A
MH507879	1	A
MH507880	1	A
MH507881	1	A
MH507882	1	A
MH507883	1	A
MH507884	1	A
MH507885	1	A
MH507886	1	A
MH507887	1	A
MH507888	1	A
MH507889	1	A
MH507890	1	A
MH507891	1	A
MH507892	1	A
MH507893	1	A
MH507894	1	A
MH507895	1	A
MH507896	1	A
MH507897	1	A
MH507898	1	A
MH507899	1	A
MH507900	1	A
MH507901	1	A
MH507902	1	A
MH507903	1	A
MH507904	1	A
MH507905	1	A
MH507906	1	A
MH507907	1	A
MH507908	1	A
MH507909	1	A
MH507910	1	A
MH507911	1	A
MH507912	1	A
MH507913	1	A
MH507914	1	A
MH507915	1	A
MH507916	1	A
MH507917	1	A
MH507918	1	A
MH507919	1	A
MH507920	1	A
MH507921	1	A
MH507922	1	A
MH507923	1	A
MH507924	1	A
MH507925	1	A
MH507926	1	A
MH507927	1	A
MH507928	1	A
MH507929	1	A
MH507930	1	A
MH507931	1	A
MH507932	1	A
MH507933	1	A
MH507934	1	A
MH507935	1	A
MH507936	1	A
MH507937	1	A
MH507938	1	A
MH507939	1	A
MH507940	1	A
MH507941	1	A
MH507942	1	A
MH507943	1	A
MH507944	1	A
MH507945	1	A
MH507946	1	A
MH507947	1	A
MH507948	1	A
MH507949	1	A
MH507950	1	A
MH507951	1	A
MH507952	1	A
MH507953	1	A
MH507954	1	A
MH507955	1	A
MH507956	1	A
MH507957	1	A
MH507958	1	A
MH507959	1	A
MH507960	1	A
MH507961	1	A
MH507962	1	A
MH507963	1	A
MH507964	1	A
MH507965	1	A
MH507966	1	A
MH507967	1	A
MH507968	1	A
MH507969	1	A
MH507970	1	A
MH507971	1	A
MH507972	1	A
MH507973	1	A
MH507974	1	A
MH507975	1	A
MH507976	1	A
MH507977	1	A
MH507978	1	A
MH507979	1	A
MH507980	1	A
MH507981	1	A
MH507982	1	A
MH507983	1	A
MH507984	1	A
MH507985	1	A
MH507986	1	A
MH507987	1	A
MH507988	1	A
MH507989	1	A
MH507990	1	A
MH507991	1	A
MH507992	1	A
MH507993	1	A
MH507994	1	A
MH507995	1	A
MH507996	1	A
MH507997	1	A
MH507998	1	A
MH507999	1	A
MH508000	1	A
MH508001	1	A
MH508002	1	A
MH508003	1	A
MH508004	1	A
MH508005	1	A
MH508006	1	A
MH508007	1	A
MH508008	1	A
MH508009	1	A
MH508010	1	A
MH508011	1	A
MH508012	1	A
MH508013	1	A
MH508014	1	A
MH508015	1	A
MH508016	1	A
MH508017	1	A
MH508018	1	A
MH508019	1	A
MH508020	1	A
MH508021	1	A
MH508022	1	A
MH508023	1	A
MH508024	1	A
MH508025	1	A
MH508026	1	A
MH508027	1	A
MH508028	1	A
MH508029	1	A
MH508030	1	A
MH508031	1	A
MH508032	1	A
MH508033	1	A
MH508034	1	A
MH508035	1	A
MH508036	1	A
MH508037	1	A
MH508038	1	A
MH819446	1	A
MH819447	1	A
MH819448	1	A
MH819449	1	A
MH819450	1	A
MH819451	1	A
MH819452	1	A
MH819453	1	A
MH819454	1	A
MH819455	1	A
MH819456	1	A
MH819457	1	A
MH819458	1	A
MH819459	1	A
MH819460	1	A
MH819461	1	A
MH819462	1	A
MH819463	1	A
MH819464	1	A
MH819465	1	A
MH819466	1	A
MH819467	1	A
MH819468	1	A
MH819469	1	A
MH819470	1	A
MH819471	1	A
MK352483	1	A
MN149538	1	A
MN849176	1	A
MN954648	1	B
MT840690	1	A
MT905060	1	A
MT967988	1	A
MT967989	1	A
MT967990	1	A
MT967991	1	A
MT967992	1	A
MT967993	1	A
MT967994	1	A
MT967995	1	A
MT967996	1	A
MT967997	1	A
MT967998	1	A
MT967999	1	A
MT968000	1	A
MT968001	1	A
MT968002	1	A
MT968003	1	A
MT968004	1	A
MT968005	1	A
MT968006	1	A
MT968007	1	A
MT968008	1	A
MT968009	1	A
MT968010	1	A
MT968011	1	A
MT968012	1	A
MT968013	1	A
MT968014	1	A
MT968015	1	A
MT968016	1	A
MT968017	1	A
MT968018	1	A
MT968019	1	A
MT968020	1	A
MT968021	1	A
MT968022	1	A
MT968023	1	A
MT968024	1	A
MT968025	1	A
MT968026	1	A
MT968027	1	A
MT968028	1	A
MT968029	1	A
MT968030	1	A
MT968031	1	A
MT968032	1	A
MW420987	1	A
MW420988	1	A
MW420989	1	A
MW627239	1	A
MW835351	1	A
MW835352	1	A
MW835353	1	A
MW835354	1	A
MW835355	1	A
MW835356	1	A
MW835357	1	A
MW835358	1	A
MW835359	1	A
MW835360	1	A
MW835361	1	A
MW835362	1	A
MW835363	1	A
MW835364	1	A
MW915462	1	A
OK573258	1	A
OK573264	1	A
OK573266	1	A
OK573267	1	A
OK573268	1	A
OK573270	1	A
OK573276	1	A
OM202916	1	A
OM202921	1	A
OM202926	1	A
OM202927	1	A
OM202928	1	A
OM202931	1	A
ON782107	1	A
ON782108	1	A
ON782109	1	A
ON813210	1	A
ON813211	1	A
ON813212	1	A
ON813213	1	A
ON813214	1	A
ON813215	1	A
ON813216	1	A
ON994909	1	A
ON994910	1	A
OP009518	1	A
OP009519	1	A
OP009520	1	A
OP009521	1	A
OP009522	1	A
OP009523	1	A
OP009524	1	A
OP009525	1	A
OP609790	1	A
OP609791	1	A
OP609792	1	A
OP609793	1	A
OP609794	1	A
OP609795	1	A
OP609796	1	A
OP609797	1	A
OP609798	1	A
OP609799	1	A
OP609800	1	A
OP609801	1	A
OP609802	1	A
OP609803	1	A
OP609804	1	A
OP609805	1	A
OP609806	1	A
OP609807	1	A
OP609808	1	A
OP609809	1	A
OP609810	1	A
OP609811	1	A
OP609812	1	A
OP609813	1	A
OP609814	1	A
OP609815	1	A
OP617270	1	A
OP643863	1	A
OP643864	1	A
OP734262	1	A
OP734263	1	A
OP734265	1	A
OP734266	1	A
OP734267	1	A
OP734268	1	A
OP734269	1	A
OP734270	1	A
OP734271	1	A
OP734272	1	A
OP734273	1	A
OP734274	1	A
OP846971	1	A
OP846973	1	A
OP846974	1	A
OP846975	1	A
OP846977	1	A
OP846978	1	A
OP846979	1	A
OP846980	1	A
OP846981	1	A
OP846982	1	A
OP850021	1	A
OP850022	1	A
OP850023	1	A
OQ357819	1	A
OQ357820	1	A
OQ357821	1	A
OQ357822	1	A
OQ552605	1	A
OQ689697	1	A
OQ721113	1	A
OQ721114	1	A
OQ721115	1	A
OQ721116	1	A
OQ721117	1	A
OQ721118	1	A
OQ721119	1	A
OQ721120	1	A
OQ721121	1	A
OQ721122	1	A
OQ721123	1	A
OQ721124	1	A
OQ721125	1	A
OQ721126	1	A
OQ721127	1	A
OQ721128	1	A
OQ721129	1	A
OQ721130	1	A
OQ721131	1	A
OQ721132	1	A
OQ721133	1	A
OQ721134	1	A
OQ721135	1	A
OQ721136	1	A
OQ721137	1	A
OQ721138	1	A
OQ721139	1	A
OQ721140	1	A
OQ721141	1	A
OQ721142	1	A
OQ721143	1	A
OQ721144	1	A
OQ721145	1	A
OQ721146	1	A
OQ721147	1	A
OQ721148	1	A
OQ721149	1	A
OQ721150	1	A
OQ721151	1	A
OQ721152	1	A
OQ721153	1	A
OQ721154	1	A
OQ721155	1	A
OQ721156	1	A
OQ721157	1	A
OQ721158	1	A
OQ721159	1	A
OQ721160	1	A
OQ721161	1	A
OQ721162	1	A
OQ721163	1	A
OQ721164	1	A
OQ721165	1	A
OQ721166	1	A
OQ721167	1	A
OQ721168	1	A
OQ721169	1	A
OQ721170	1	A
OQ721171	1	A
OQ721172	1	A
OQ721173	1	A
OQ721174	1	A
OQ721175	1	A
OQ721176	1	A
OQ721177	1	A
OQ721178	1	A
OQ721179	1	A
OQ721180	1	A
OQ721181	1	A
OQ721182	1	A
OQ721183	1	A
OQ721184	1	A
OQ721185	1	A
OQ721186	1	A
OQ721187	1	A
OQ721188	1	A
OQ721189	1	A
OQ721190	1	A
OQ721191	1	A
OQ721192	1	A
OQ721193	1	A
OQ721194	1	A
OQ721195	1	A
OQ721196	1	A
OQ721197	1	A
OQ721198	1	A
OQ721199	1	A
OQ721200	1	A
OQ721201	1	A
OQ721202	1	A
OQ721203	1	A
OQ721204	1	A
OQ721205	1	A
OQ721206	1	A
OQ721207	1	A
OQ721208	1	A
OQ721209	1	A
OQ721210	1	A
OQ721211	1	A
OQ721212	1	A
OQ721213	1	A
OQ721214	1	A
OQ721215	1	A
OQ721216	1	A
OQ721217	1	A
OQ721218	1	A
OQ721219	1	A
OQ721220	1	A
OQ721221	1	A
OQ721222	1	A
OQ721223	1	A
OQ721224	1	A
OQ721225	1	A
OQ721226	1	A
OQ721227	1	A
OQ721228	1	A
OQ721229	1	A
OQ721230	1	A
OQ721231	1	A
OQ721232	1	A
OQ721233	1	A
OQ721234	1	A
OQ721235	1	A
OQ721236	1	A
OQ721237	1	A
OQ721238	1	A
OQ721239	1	A
OQ721240	1	A
OQ721241	1	A
OQ721242	1	A
OQ721243	1	A
OQ721244	1	A
OQ721245	1	A
OQ721246	1	A
OQ721247	1	A
OQ721248	1	A
OQ721249	1	A
OQ721250	1	A
OQ721251	1	A
OQ721252	1	A
OQ721253	1	A
OQ721254	1	A
OQ721255	1	A
OQ721256	1	A
OQ721257	1	A
OQ721258	1	A
OQ721259	1	A
OQ721260	1	A
OQ721261	1	A
OQ721262	1	A
OQ721263	1	A
OQ721264	1	A
OQ721265	1	A
OQ721266	1	A
OQ721267	1	A
OQ721268	1	A
OQ721269	1	A
OQ721270	1	A
OQ721271	1	A
OQ721272	1	A
OQ721273	1	A
OQ721274	1	A
OQ721275	1	A
OQ721276	1	A
OQ721277	1	A
OQ721278	1	A
OQ721279	1	A
OQ721280	1	A
OQ721281	1	A
OQ721282	1	A
OQ721283	1	A
OQ721284	1	A
OQ721285	1	A
OQ721286	1	A
OQ721287	1	A
OQ721288	1	A
OQ721289	1	A
OQ721290	1	A
OQ721291	1	A
OQ721292	1	A
OQ721293	1	A
OQ721294	1	A
OQ721295	1	A
OQ721296	1	A
OQ721297	1	A
OQ721298	1	A
OQ721299	1	A
OQ721300	1	A
OQ721301	1	A
OQ721302	1	A
OQ721303	1	A
OQ721304	1	A
OQ721305	1	A
OQ721306	1	A
OQ721307	1	A
OQ721308	1	A
OQ721309	1	A
OQ721310	1	A
OQ721311	1	A
OQ721312	1	A
OQ721313	1	A
OQ721314	1	A
OQ721315	1	A
OQ721316	1	A
OQ721317	1	A
OQ721318	1	A
OQ721319	1	A
OQ721320	1	A
OQ721321	1	A
OQ721322	1	A
OQ721323	1	A
OQ721324	1	A
OQ721325	1	A
OQ721326	1	A
OQ721327	1	A
OQ721328	1	A
OQ721329	1	A
OQ721330	1	A
OQ721331	1	A
OQ721332	1	A
OQ721333	1	A
OQ721334	1	A
OQ721335	1	A
OQ721336	1	A
OQ721337	1	A
OQ721338	1	A
OQ721339	1	A
OQ721340	1	A
OQ721341	1	A
OQ721342	1	A
OQ721343	1	A
OQ721344	1	A
OQ721345	1	A
OQ721346	1	A
OQ721347	1	A
OQ721348	1	A
OQ721349	1	A
OQ721350	1	A
OQ721351	1	A
OQ721352	1	A
OQ721353	1	A
OQ721354	1	A
OQ721355	1	A
OQ721356	1	A
OQ721357	1	A
OQ721358	1	A
OQ721359	1	A
OQ721360	1	A
OQ721361	1	A
OQ721362	1	A
OQ721363	1	A
OQ721364	1	A
OQ721365	1	A
OQ721366	1	A
OQ721367	1	A
OQ721368	1	A
OQ721369	1	A
OQ721370	1	A
OQ721371	1	A
OQ721372	1	A
OQ721373	1	A
OQ721374	1	A
OQ721375	1	A
OQ721376	1	A
OQ721377	1	A
OQ721378	1	A
OQ721379	1	A
OQ721380	1	A
OQ721381	1	A
OQ721382	1	A
OQ721383	1	A
OQ721384	1	A
OQ721385	1	A
OQ721386	1	A
OQ721387	1	A
OQ721388	1	A
OQ721389	1	A
OQ721390	1	A
OQ721391	1	A
OQ721392	1	A
OQ721393	1	A
OQ721394	1	A
OQ721395	1	A
OQ721396	1	A
OQ721397	1	A
OQ721398	1	A
OQ721399	1	A
OQ721400	1	A
OQ721401	1	A
OQ721402	1	A
OQ721403	1	A
OQ721404	1	A
OQ721405	1	A
OQ721406	1	A
OQ721407	1	A
OQ721408	1	A
OQ721409	1	A
OQ721410	1	A
OQ721411	1	A
OQ721412	1	A
OQ721413	1	A
OQ721414	1	A
OQ721415	1	A
OQ721416	1	A
OQ721417	1	A
OQ721418	1	A
OQ721419	1	A
OQ721420	1	A
OQ721421	1	A
OQ721422	1	A
OQ721423	1	A
OQ721424	1	A
OQ721425	1	A
OQ721426	1	A
OQ721427	1	A
OQ721428	1	A
OQ721429	1	A
OQ721430	1	A
OQ721431	1	A
OQ721432	1	A
OQ721433	1	A
OQ721434	1	A
OQ721435	1	A
OQ721436	1	A
OQ721437	1	A
OQ721438	1	A
OQ721439	1	A
OQ721440	1	A
OQ721441	1	A
OQ721442	1	A
OQ721443	1	A
OQ721444	1	A
OQ721445	1	A
OQ721446	1	A
OQ721447	1	A
OQ721448	1	A
OQ721449	1	A
OQ721450	1	A
OQ721451	1	A
OQ721452	1	A
OQ721453	1	A
OQ721454	1	A
OQ721455	1	A
OQ721456	1	A
OQ721457	1	A
OQ721458	1	A
OQ721459	1	A
OQ721460	1	A
OQ721461	1	A
OQ721462	1	A
OQ721463	1	A
OQ721464	1	A
OQ721465	1	A
OQ721466	1	A
OQ721467	1	A
OQ721468	1	A
OQ721469	1	A
OQ721470	1	A
OQ721471	1	A
OQ721472	1	A
OQ721473	1	A
OQ721474	1	A
OQ721475	1	A
OQ721476	1	A
OQ721477	1	A
OQ721478	1	A
OQ721479	1	A
OQ721480	1	A
OQ721481	1	A
OQ721482	1	A
OQ721483	1	A
OQ721484	1	A
OQ721485	1	A
OQ721486	1	A
OQ721487	1	A
OQ721488	1	A
OQ721489	1	A
OQ721490	1	A
OQ721491	1	A
OQ721492	1	A
OQ721493	1	A
OQ721494	1	A
OQ721495	1	A
OQ721496	1	A
OQ721497	1	A
OQ721498	1	A
OQ721499	1	A
OQ721500	1	A
OQ721501	1	A
OQ721502	1	A
OQ721503	1	A
OQ721504	1	A
OQ721505	1	A
OQ721506	1	A
OQ721507	1	A
OQ721508	1	A
OQ721509	1	A
OQ721510	1	A
OQ721511	1	A
OQ721512	1	A
OQ721513	1	A
OQ721514	1	A
OQ721515	1	A
OQ721516	1	A
OQ721517	1	A
OQ721518	1	A
OQ721519	1	A
OQ721520	1	A
OQ721521	1	A
OQ721522	1	A
OQ721523	1	A
OQ721524	1	A
OQ721525	1	A
OQ721526	1	A
OQ721527	1	A
OQ721528	1	A
OQ721529	1	A
OQ721530	1	A
OQ721531	1	A
OQ721532	1	A
OQ721533	1	A
OQ721534	1	A
OQ721535	1	A
OQ721536	1	A
OQ721537	1	A
OQ721538	1	A
OQ721539	1	A
OQ721540	1	A
OQ721541	1	A
OQ721542	1	A
OQ721543	1	A
OQ721544	1	A
OQ721545	1	A
OQ721546	1	A
OQ721547	1	A
OQ721548	1	A
OQ721549	1	A
OQ721550	1	A
OQ721551	1	A
OQ721552	1	A
OQ721553	1	A
OQ721554	1	A
OQ721555	1	A
OQ721556	1	A
OQ721557	1	A
OQ721558	1	A
OQ721559	1	A
OQ721560	1	A
OQ721561	1	A
OQ721562	1	A
OQ721563	1	A
OQ721564	1	A
OQ721565	1	A
OQ721566	1	A
OQ721567	1	A
OQ721568	1	A
OQ721569	1	A
OQ721570	1	A
OQ721571	1	A
OQ721572	1	A
OQ721573	1	A
OQ721574	1	A
OQ721575	1	A
OQ721576	1	A
OQ721577	1	A
OQ721578	1	A
OQ721579	1	A
OQ721580	1	A
OQ721581	1	A
OQ721582	1	A
OQ721583	1	A
OQ721584	1	A
OQ721585	1	A
OQ721586	1	A
OQ721587	1	A
OQ721588	1	A
OQ721589	1	A
OQ721590	1	A
OQ721591	1	A
OQ721592	1	A
OQ721593	1	A
OQ721594	1	A
OQ721595	1	A
OQ721596	1	A
OQ721597	1	A
OQ721598	1	A
OQ721599	1	A
OQ721600	1	A
OQ721601	1	A
OQ721602	1	A
OQ721603	1	A
OQ721604	1	A
OQ721605	1	A
OQ721606	1	A
OQ721607	1	A
OQ721608	1	A
OQ721609	1	A
OQ721610	1	A
OQ721611	1	A
OQ721612	1	A
OQ721613	1	A
OQ721614	1	A
OQ721615	1	A
OQ721616	1	A
OQ721617	1	A
OQ721618	1	A
OQ721619	1	A
OQ721620	1	A
OQ721621	1	A
OQ721622	1	A
OQ721623	1	A
OQ721624	1	A
OQ721625	1	A
OQ721626	1	A
OQ721627	1	A
OQ721628	1	A
OQ721629	1	A
OQ721630	1	A
OQ721631	1	A
OQ721632	1	A
OQ721633	1	A
OQ721634	1	A
OQ721635	1	A
OQ721636	1	A
OQ721637	1	A
OQ721638	1	A
OQ721639	1	A
OQ721640	1	A
OQ721641	1	A
OQ721642	1	A
OQ721643	1	A
OQ721644	1	A
OQ721645	1	A
OQ721646	1	A
OQ721647	1	A
OQ721648	1	A
OQ721649	1	A
OQ721650	1	A
OQ721651	1	A
OQ721652	1	A
OQ721653	1	A
OQ721654	1	A
OQ721655	1	A
OQ721656	1	A
OQ721657	1	A
OQ721658	1	A
OQ721659	1	A
OQ721660	1	A
OQ721661	1	A
OQ721662	1	A
OQ721663	1	A
OQ721664	1	A
OQ721665	1	A
OQ721666	1	A
OQ721667	1	A
OQ721668	1	A
OQ721669	1	A
OQ721670	1	A
OQ721671	1	A
OQ721672	1	A
OQ721673	1	A
OQ721674	1	A
OQ721675	1	A
OQ721676	1	A
OQ721677	1	A
OQ721678	1	A
OQ721679	1	A
OQ721680	1	A
OQ721681	1	A
OQ721682	1	A
OQ721683	1	A
OQ721684	1	A
OQ721685	1	A
OQ721686	1	A
OQ721687	1	A
OQ721688	1	A
OQ721689	1	A
OQ721690	1	A
OQ721691	1	A
OQ721692	1	A
OQ721693	1	A
OQ721694	1	A
OQ721695	1	A
OQ721696	1	A
OQ721697	1	A
OQ721698	1	A
OQ721699	1	A
OQ721700	1	A
OQ721701	1	A
OQ721702	1	A
OQ721703	1	A
OQ721704	1	A
OQ721705	1	A
OQ721706	1	A
OQ721707	1	A
OQ721708	1	A
OQ721709	1	A
OQ721710	1	A
OQ721711	1	A
OQ721712	1	A
OQ721713	1	A
OQ721714	1	A
OQ721715	1	A
OQ721716	1	A
OQ721717	1	A
OQ721718	1	A
OQ721719	1	A
OQ721720	1	A
OQ721721	1	A
OQ721722	1	A
OQ721723	1	A
OQ721724	1	A
OQ721725	1	A
OQ721726	1	A
OQ721727	1	A
OQ721728	1	A
OQ721729	1	A
OQ721730	1	A
OQ721731	1	A
OQ721732	1	A
OQ721733	1	A
OQ721734	1	A
OQ721735	1	A
OQ721736	1	A
OQ721737	1	A
OQ721738	1	A
OQ721739	1	A
OQ721740	1	A
OQ721741	1	A
OQ721742	1	A
OQ721743	1	A
OQ721744	1	A
OQ721745	1	A
OQ721746	1	A
OQ721747	1	A
OQ721748	1	A
OQ721749	1	A
OQ721750	1	A
OQ721751	1	A
OQ721752	1	A
OQ721753	1	A
OQ721754	1	A
OQ721755	1	A
OQ721756	1	A
OQ721757	1	A
OQ721758	1	A
OQ721759	1	A
OQ721760	1	A
OQ721761	1	A
OQ721762	1	A
OQ721763	1	A
OQ721764	1	A
OQ721765	1	A
OQ721766	1	A
OQ721767	1	A
OQ721768	1	A
OQ721769	1	A
OQ721770	1	A
OQ721771	1	A
OQ721772	1	A
OQ721773	1	A
OQ721774	1	A
OQ721775	1	A
OQ721776	1	A
OQ721777	1	A
OQ721778	1	A
OQ721779	1	A
OQ721780	1	A
OQ721781	1	A
OQ721782	1	A
OQ721783	1	A
OQ721784	1	A
OQ721785	1	A
OQ721786	1	A
OQ721787	1	A
OQ721788	1	A
OQ721789	1	A
OQ721790	1	A
OQ721791	1	A
OQ721792	1	A
OQ721793	1	A
OQ721794	1	A
OQ721795	1	A
OQ721796	1	A
OQ721797	1	A
OQ721798	1	A
OQ721799	1	A
OQ721800	1	A
OQ721801	1	A
OQ721802	1	A
OQ721803	1	A
OQ721804	1	A
OQ721805	1	A
OQ721806	1	A
OQ721807	1	A
OQ721808	1	A
OQ721809	1	A
OQ721810	1	A
OQ721811	1	A
OQ721812	1	A
OQ721813	1	A
OQ721814	1	A
OQ721815	1	A
OQ721816	1	A
OQ721817	1	A
OQ721818	1	A
OQ721819	1	A
OQ721820	1	A
OQ721821	1	A
OQ721822	1	A
OQ721823	1	A
OQ721824	1	A
OQ721825	1	A
OQ721826	1	A
OQ721827	1	A
OQ721828	1	A
OQ721829	1	A
OQ721830	1	A
OQ721831	1	A
OQ721832	1	A
OQ721833	1	A
OQ721834	1	A
OQ721835	1	A
OQ721836	1	A
OQ721837	1	A
OQ721838	1	A
OQ721839	1	A
OQ721840	1	A
OQ721841	1	A
OQ721842	1	A
OQ721843	1	A
OQ721844	1	A
OQ721845	1	A
OQ721846	1	A
OQ721847	1	A
OQ721848	1	A
OQ721849	1	A
OQ721850	1	A
OQ721851	1	A
OQ721852	1	A
OQ721853	1	A
OQ721854	1	A
OQ721855	1	A
OQ721856	1	A
OQ721857	1	A
OQ721858	1	A
OQ721859	1	A
OR472391	1	A
OR605719	1	A
OR605720	1	A
OR728658	1	A
OU953895	1	A
OU953896	1	A
OU953897	1	A
OU953898	1	A
PP104378	1	A
PP104379	1	A
PP104380	1	A
PP104381	1	A
PP104382	1	A
DQ176636	2	-
EU068667	2	-
FJ425721	2	-
JN858070	2	-
JX041631	2	-
KF179639	2	-
KF179640	2	-
KF588365	2	-
KF647249	2	-
KF647251	2	-
KF647252	2	-
KF823806	2	-
KJ577738	2	-
KJ883346	2	-
KJ883349	2	-
KP109691	2	-
KP109692	2	-
KP780837	2	-
KP780838	2	-
KP780839	2	-
KP780840	2	-
KP789953	2	-
KP789954	2	-
KP789955	2	-
KP789956	2	-
KP789957	2	-
KP789958	2	-
KP789959	2	-
KP789960	2	-
KT207791	2	-
KT207792	2	-
KT359349	2	-
KT757318	2	-
KT757319	2	-
KT757320	2	-
KT757321	2	-
KT757322	2	-
KT757323	2	-
KU206781	2	-
KU573080	2	-
KU573081	2	-
KU573082	2	-
KU573083	2	-
KX375812	2	-
LR743429	2	-
LR743447	2	-
LR743455	2	-
M12294	2	-
MF462262	2	-
MF984337	2	-
MF984338	2	-
MF984339	2	-
MF984340	2	-
MF984341	2	-
MF984342	2	-
MF984346	2	-
MF984347	2	-
MF984348	2	-
MF984349	2	-
MF984350	2	-
MF984351	2	-
MF984352	2	-
MH549209	2	-
MH910045	2	-
MH939153	2	-
MH939154	2	-
MK473443	2	-
MK947396	2	-
MN480792	2	-
MN480793	2	-
MN480794	2	-
MN480795	2	-
MN481589	2	-
MN481590	2	-
MN481591	2	-
MN481592	2	-
MN481593	2	-
MN481594	2	-
MN481595	2	-
MN481596	2	-
MN481597	2	-
MN619800	2	-
MN652878	2	-
MN652879	2	-
MN652880	2	-
MN794936	2	-
MN812757	2	-
MN812758	2	-
MN812760	2	-
MN812761	2	-
MN812762	2	-
MN939557	2	-
MN939558	2	-
MN939559	2	-
MN939562	2	-
MT341470	2	-
MT341471	2	-
MT341472	2	-
MT863560	2	-
MT863561	2	-
MW036633	2	-
MW036634	2	-
MW383507	2	-
MW383508	2	-
MW561633	2	-
MW751834	2	-
MW751835	2	-
MW751836	2	-
MW751837	2	-
MW751838	2	-
MW751839	2	-
MW751840	2	-
MW751841	2	-
MW751842	2	-
MW751843	2	-
MW751844	2	-
MW751845	2	-
MW751846	2	-
MW862073	2	-
MW862074	2	-
MW862075	2	-
MW862076	2	-
MW862077	2	-
MW862078	2	-
MW862079	2	-
MW862080	2	-
MW862081	2	-
MW862082	2	-
MW862083	2	-
MW862084	2	-
MW862085	2	-
MW862086	2	-
MW862087	2	-
MW862088	2	-
MW862089	2	-
MW862090	2	-
MW862091	2	-
MW862092	2	-
MW862093	2	-
MW862094	2	-
MW862095	2	-
MW862096	2	-
MW862097	2	-
MW862098	2	-
MW862099	2	-
MW862100	2	-
MW862101	2	-
MW862102	2	-
MW862103	2	-
MW862104	2	-
MW862105	2	-
MW862106	2	-
MW862107	2	-
MW862108	2	-
MZ190464	2	-
MZ190465	2	-
MZ190466	2	-
MZ190467	2	-
MZ268007	2	-
MZ964751	2	-
MZ964752	2	-
MZ964753	2	-
NC_001563	2	-
OK129329	2	-
OK129330	2	-
OK129331	2	-
OK129332	2	-
OK129333	2	-
OK129334	2	-
OK129335	2	-
OK129336	2	-
OK239658	2	-
OK239659	2	-
OK239660	2	-
OK239661	2	-
OK239662	2	-
OK239663	2	-
OK239664	2	-
OK239665	2	-
OK239666	2	-
OK239667	2	-
OK239668	2	-
OK239669	2	-
OK239670	2	-
OK239671	2	-
OK239672	2	-
OL840871	2	-
OL840872	2	-
OL840873	2	-
OL840874	2	-
OL840875	2	-
OL840876	2	-
OL840877	2	-
OL840878	2	-
OL840879	2	-
OL840880	2	-
OL840881	2	-
OL840882	2	-
OL840883	2	-
OL840884	2	-
OL840885	2	-
OL840886	2	-
OL840887	2	-
OL840888	2	-
OL840889	2	-
OL840890	2	-
OL840891	2	-
OL840892	2	-
OL840893	2	-
OL840894	2	-
OL840895	2	-
OL840896	2	-
OL840897	2	-
OL840898	2	-
OL840899	2	-
OM037670	2	-
OM037671	2	-
OM037672	2	-
OM037673	2	-
ON032488	2	-
ON032489	2	-
ON032490	2	-
ON032491	2	-
ON032492	2	-
ON032493	2	-
ON032494	2	-
ON032495	2	-
ON032497	2	-
ON032498	2	-
ON755223	2	-
ON813217	2	-
ON813218	2	-
ON813219	2	-
ON813230	2	-
ON813231	2	-
ON813232	2	-
OP009516	2	-
OP009517	2	-
OP345107	2	-
OP345108	2	-
OP345226	2	-
OP561452	2	-
OP561453	2	-
OP561454	2	-
OP561455	2	-
OP561456	2	-
OP561457	2	-
OP561458	2	-
OP561459	2	-
OP734238	2	-
OP734239	2	-
OP734240	2	-
OP734241	2	-
OP734242	2	-
OP734243	2	-
OP734244	2	-
OP762592	2	-
OP762593	2	-
OP762594	2	-
OP762595	2	-
OP762596	2	-
OP762597	2	-
OP810565	2	-
OP810566	2	-
OP810567	2	-
OP846976	2	-
OP850024	2	-
OP850025	2	-
OP850026	2	-
OP850027	2	-
OP850028	2	-
OP850029	2	-
OP870453	2	-
OP870454	2	-
OP870455	2	-
OP870456	2	-
OP870457	2	-
OP870458	2	-
OP870459	2	-
OP870460	2	-
OP870461	2	-
OQ053515	2	-
OQ053516	2	-
OQ053517	2	-
OQ053518	2	-
OQ053519	2	-
OQ053520	2	-
OQ053521	2	-
OQ053522	2	-
OQ053523	2	-
OQ053524	2	-
OQ053525	2	-
OQ053526	2	-
OQ053527	2	-
OQ053528	2	-
OQ053529	2	-
OQ053530	2	-
OQ053531	2	-
OQ053532	2	-
OQ053533	2	-
OQ053534	2	-
OQ053535	2	-
OQ053536	2	-
OQ053537	2	-
OQ053538	2	-
OQ053539	2	-
OQ204314	2	-
OQ204315	2	-
OQ214888	2	-
OQ214889	2	-
OQ214890	2	-
OQ214891	2	-
OQ326499	2	-
OQ725907	2	-
OQ725909	2	-
OR091151	2	-
OR091152	2	-
OR091153	2	-
OR091154	2	-
OR091155	2	-
OR091156	2	-
OR091157	2	-
OR091158	2	-
OR159869	2	-
OR159870	2	-
OR159871	2	-
OR159872	2	-
OR159873	2	-
OR757504	2	-
OX442271	2	-
OX442272	2	-
OX442273	2	-
OX442274	2	-
OX442275	2	-
OX442276	2	-
OX442277	2	-
OX442278	2	-
OX442279	2	-
OX442280	2	-
OX442281	2	-
OX442282	2	-
OX442283	2	-
OX442284	2	-
OX442285	2	-
OX442286	2	-
OX442287	2	-
OX442288	2	-
OX442289	2	-
OX442290	2	-
OX442291	2	-
OX442292	2	-
OX442293	2	-
OX442294	2	-
OX442295	2	-
OX442296	2	-
OX442297	2	-
OX442298	2	-
OX442299	2	-
OX442300	2	-
OX442301	2	-
OX442302	2	-
OX442303	2	-
OX442304	2	-
OX442305	2	-
OX442306	2	-
OX442307	2	-
OX442308	2	-
OX442309	2	-
OX442310	2	-
OX442311	2	-
OX442312	2	-
OX442313	2	-
OX442347	2	-
OX442348	2	-
OX451204	2	-
PP104328	2	-
PP104329	2	-
PP104330	2	-
PP104331	2	-
PP104332	2	-
PP104334	2	-
PP104335	2	-
PP104336	2	-
PP104337	2	-
PP104338	2	-
PP104339	2	-
PP104340	2	-
PP104341	2	-
PP104342	2	-
PP104343	2	-
PP104344	2	-
PP104345	2	-
PP104346	2	-
PP104347	2	-
PP104348	2	-
PP104349	2	-
PP104350	2	-
PP104351	2	-
PP104352	2	-
PP104353	2	-
PP104354	2	-
PP104355	2	-
PP104356	2	-
PP104357	2	-
PP104358	2	-
PP104359	2	-
PP104360	2	-
PP104361	2	-
PP104362	2	-
PP104363	2	-
PP104365	2	-
PP104366	2	-
PP104367	2	-
PP104368	2	-
PP104369	2	-
PP104370	2	-
PP104371	2	-
PP104372	2	-
PP104373	2	-
PP104374	2	-
PP104375	2	-
PP104376	2	-
PP104377	2	-
PP212879	2	-
PP212881	2	-
PP212882	2	-
PP212883	2	-
PP388974	2	-
PP625328	2	-
AY277251	4	-
FJ159130	4	-
FJ159131	4	-
GQ851604	5	-
GQ851605	5	-
OP846972	7	-
